Pair_key,A_hebrew,A_name,A_fsctf,A_role,A_zx,A_fractal,A_SY,A_SY_idx,A_SY_tag,A_hebrew_idx,A_Path32,B_hebrew,B_name,B_fsctf,B_role,B_zx,B_fractal,B_SY,B_SY_idx,B_SY_tag,B_hebrew_idx,B_Path32,Class_pair,Motif,Fractal_Interplay,ZX_Undirected
××‘,×,Aleph,Ï„,threshold_silence,I / no-op,seed_fixed_point,Mother,1,M1,1,11,×‘,Bet,Îº,container,Z-spider (copy/merge),lattice_cell,Double,1,D1,2,12,Double-Mother,composite,seed_in_cell,I / no-op â†” Z-spider (copy/merge)
××’,×,Aleph,Ï„,threshold_silence,I / no-op,seed_fixed_point,Mother,1,M1,1,11,×’,Gimel,Î³,bridge,H / basis-bridge,geodesic_web,Double,2,D2,3,13,Double-Mother,composite,composed_attractors,I / no-op â†” H / basis-bridge
××“,×,Aleph,Ï„,threshold_silence,I / no-op,seed_fixed_point,Mother,1,M1,1,11,×“,Dalet,Îµ,gate,controlled-phase,poincare_section,Double,3,D3,4,14,Double-Mother,composite,composed_attractors,I / no-op â†” controlled-phase
××”,×,Aleph,Ï„,threshold_silence,I / no-op,seed_fixed_point,Mother,1,M1,1,11,×”,Heh,E,enact,X-rotation (actuation),limit_cycle_onset,Simple,1,S1,5,15,Mother-Simple,composite,composed_attractors,I / no-op â†” X-rotation (actuation)
××•,×,Aleph,Ï„,threshold_silence,I / no-op,seed_fixed_point,Mother,1,M1,1,11,×•,Vav,âŠ—,link,spider fusion / entangler,percolation_cluster,Simple,2,S2,6,16,Mother-Simple,composite,composed_attractors,I / no-op â†” spider fusion / entangler
××–,×,Aleph,Ï„,threshold_silence,I / no-op,seed_fixed_point,Mother,1,M1,1,11,×–,Zayin,Î¶,cut,Z-projector / split,cantor_prune,Simple,3,S3,7,17,Mother-Simple,composite,composed_attractors,I / no-op â†” Z-projector / split
××—,×,Aleph,Ï„,threshold_silence,I / no-op,seed_fixed_point,Mother,1,M1,1,11,×—,Chet,Ï‡,enclosure,boundary / cup-cap shell,filled_julia_hull,Simple,4,S4,8,18,Mother-Simple,composite,composed_attractors,I / no-op â†” boundary / cup-cap shell
××˜,×,Aleph,Ï„,threshold_silence,I / no-op,seed_fixed_point,Mother,1,M1,1,11,×˜,Teth,Ï‘,twist,Y-rotation (quadrature),KAM_tori,Simple,5,S5,9,19,Mother-Simple,composite,composed_attractors,I / no-op â†” Y-rotation (quadrature)
××™,×,Aleph,Ï„,threshold_silence,I / no-op,seed_fixed_point,Mother,1,M1,1,11,×™,Yod,Î¾,spark,phase-kick (tiny),infinitesimal_germ,Simple,6,S6,10,20,Mother-Simple,composite,composed_attractors,I / no-op â†” phase-kick (tiny)
××›,×,Aleph,Ï„,threshold_silence,I / no-op,seed_fixed_point,Mother,1,M1,1,11,×›,Kaf,Îºâº,capacity,Z-phase / global bias,annular_torus,Double,4,D4,11,21,Double-Mother,composite,composed_attractors,I / no-op â†” Z-phase / global bias
××œ,×,Aleph,Ï„,threshold_silence,I / no-op,seed_fixed_point,Mother,1,M1,1,11,×œ,Lamed,Î»,lift_balance,normalization / ZX-NF,RG_fixed_point,Simple,7,S7,12,22,Mother-Simple,composite,composed_attractors,I / no-op â†” normalization / ZX-NF
××,×,Aleph,Ï„,threshold_silence,I / no-op,seed_fixed_point,Mother,1,M1,1,11,×,Mem,Î¼,memory,trace/feedback loop,basin_thickening,Mother,2,M2,13,23,Mother-Mother,composite,composed_attractors,I / no-op â†” trace/feedback loop
×× ,×,Aleph,Ï„,threshold_silence,I / no-op,seed_fixed_point,Mother,1,M1,1,11,× ,Nun,Î½,descent_rebirth,discard+reset / damping,skeleton_prune,Simple,8,S8,14,24,Mother-Simple,composite,composed_attractors,I / no-op â†” discard+reset / damping
××¡,×,Aleph,Ï„,threshold_silence,I / no-op,seed_fixed_point,Mother,1,M1,1,11,×¡,Samekh,ğ’®,support,isometry + projector,backbone_tree,Simple,9,S9,15,25,Mother-Simple,composite,composed_attractors,I / no-op â†” isometry + projector
××¢,×,Aleph,Ï„,threshold_silence,I / no-op,seed_fixed_point,Mother,1,M1,1,11,×¢,Ayin,Î±,observe,measurement (axis v),projected_shadow,Simple,10,S10,16,26,Mother-Simple,composite,composed_attractors,I / no-op â†” measurement (axis v)
××¤,×,Aleph,Ï„,threshold_silence,I / no-op,seed_fixed_point,Mother,1,M1,1,11,×¤,Peh,Ï€,express,oracle/eval box,branch_cascade,Double,5,D5,17,27,Double-Mother,composite,composed_attractors,I / no-op â†” oracle/eval box
××¦,×,Aleph,Ï„,threshold_silence,I / no-op,seed_fixed_point,Mother,1,M1,1,11,×¦,Tzaddi,Ï•,anchor_path,postselect / path lock,ridge_filament,Simple,11,S11,18,28,Mother-Simple,composite,composed_attractors,I / no-op â†” postselect / path lock
××§,×,Aleph,Ï„,threshold_silence,I / no-op,seed_fixed_point,Mother,1,M1,1,11,×§,Qof,Î˜,horizon_cascade,Hadamard-X macro,period_doubling,Simple,12,S12,19,29,Mother-Simple,composite,composed_attractors,I / no-op â†” Hadamard-X macro
××¨,×,Aleph,Ï„,threshold_silence,I / no-op,seed_fixed_point,Mother,1,M1,1,11,×¨,Resh,âˆ‚,rebirth_reflect,Z-H conjugation,arnold_tongues,Double,6,D6,20,30,Double-Mother,composite,composed_attractors,I / no-op â†” Z-H conjugation
××©,×,Aleph,Ï„,threshold_silence,I / no-op,seed_fixed_point,Mother,1,M1,1,11,×©,Shin,âˆ®,flame_transform,chaotic mixer (macro),strange_attractor,Mother,3,M3,21,31,Mother-Mother,composite,composed_attractors,I / no-op â†” chaotic mixer (macro)
××ª,×,Aleph,Ï„,threshold_silence,I / no-op,seed_fixed_point,Mother,1,M1,1,11,×ª,Tav,ğ’¢,completion_grace,global close / terminal,omega_limit,Double,7,D7,22,32,Double-Mother,composite,composed_attractors,I / no-op â†” global close / terminal
×‘×’,×‘,Bet,Îº,container,Z-spider (copy/merge),lattice_cell,Double,1,D1,2,12,×’,Gimel,Î³,bridge,H / basis-bridge,geodesic_web,Double,2,D2,3,13,Double-Double,housed_transport,composed_attractors,Z-spider (copy/merge) â†” H / basis-bridge
×‘×“,×‘,Bet,Îº,container,Z-spider (copy/merge),lattice_cell,Double,1,D1,2,12,×“,Dalet,Îµ,gate,controlled-phase,poincare_section,Double,3,D3,4,14,Double-Double,composite,composed_attractors,Z-spider (copy/merge) â†” controlled-phase
×‘×”,×‘,Bet,Îº,container,Z-spider (copy/merge),lattice_cell,Double,1,D1,2,12,×”,Heh,E,enact,X-rotation (actuation),limit_cycle_onset,Simple,1,S1,5,15,Double-Simple,composite,composed_attractors,Z-spider (copy/merge) â†” X-rotation (actuation)
×‘×•,×‘,Bet,Îº,container,Z-spider (copy/merge),lattice_cell,Double,1,D1,2,12,×•,Vav,âŠ—,link,spider fusion / entangler,percolation_cluster,Simple,2,S2,6,16,Double-Simple,bound_network,composed_attractors,Z-spider (copy/merge) â†” spider fusion / entangler
×‘×–,×‘,Bet,Îº,container,Z-spider (copy/merge),lattice_cell,Double,1,D1,2,12,×–,Zayin,Î¶,cut,Z-projector / split,cantor_prune,Simple,3,S3,7,17,Double-Simple,composite,composed_attractors,Z-spider (copy/merge) â†” Z-projector / split
×‘×—,×‘,Bet,Îº,container,Z-spider (copy/merge),lattice_cell,Double,1,D1,2,12,×—,Chet,Ï‡,enclosure,boundary / cup-cap shell,filled_julia_hull,Simple,4,S4,8,18,Double-Simple,composite,composed_attractors,Z-spider (copy/merge) â†” boundary / cup-cap shell
×‘×˜,×‘,Bet,Îº,container,Z-spider (copy/merge),lattice_cell,Double,1,D1,2,12,×˜,Teth,Ï‘,twist,Y-rotation (quadrature),KAM_tori,Simple,5,S5,9,19,Double-Simple,composite,composed_attractors,Z-spider (copy/merge) â†” Y-rotation (quadrature)
×‘×™,×‘,Bet,Îº,container,Z-spider (copy/merge),lattice_cell,Double,1,D1,2,12,×™,Yod,Î¾,spark,phase-kick (tiny),infinitesimal_germ,Simple,6,S6,10,20,Double-Simple,composite,composed_attractors,Z-spider (copy/merge) â†” phase-kick (tiny)
×‘×›,×‘,Bet,Îº,container,Z-spider (copy/merge),lattice_cell,Double,1,D1,2,12,×›,Kaf,Îºâº,capacity,Z-phase / global bias,annular_torus,Double,4,D4,11,21,Double-Double,composite,composed_attractors,Z-spider (copy/merge) â†” Z-phase / global bias
×‘×œ,×‘,Bet,Îº,container,Z-spider (copy/merge),lattice_cell,Double,1,D1,2,12,×œ,Lamed,Î»,lift_balance,normalization / ZX-NF,RG_fixed_point,Simple,7,S7,12,22,Double-Simple,composite,composed_attractors,Z-spider (copy/merge) â†” normalization / ZX-NF
×‘×,×‘,Bet,Îº,container,Z-spider (copy/merge),lattice_cell,Double,1,D1,2,12,×,Mem,Î¼,memory,trace/feedback loop,basin_thickening,Mother,2,M2,13,23,Double-Mother,composite,composed_attractors,Z-spider (copy/merge) â†” trace/feedback loop
×‘× ,×‘,Bet,Îº,container,Z-spider (copy/merge),lattice_cell,Double,1,D1,2,12,× ,Nun,Î½,descent_rebirth,discard+reset / damping,skeleton_prune,Simple,8,S8,14,24,Double-Simple,composite,composed_attractors,Z-spider (copy/merge) â†” discard+reset / damping
×‘×¡,×‘,Bet,Îº,container,Z-spider (copy/merge),lattice_cell,Double,1,D1,2,12,×¡,Samekh,ğ’®,support,isometry + projector,backbone_tree,Simple,9,S9,15,25,Double-Simple,composite,composed_attractors,Z-spider (copy/merge) â†” isometry + projector
×‘×¢,×‘,Bet,Îº,container,Z-spider (copy/merge),lattice_cell,Double,1,D1,2,12,×¢,Ayin,Î±,observe,measurement (axis v),projected_shadow,Simple,10,S10,16,26,Double-Simple,composite,composed_attractors,Z-spider (copy/merge) â†” measurement (axis v)
×‘×¤,×‘,Bet,Îº,container,Z-spider (copy/merge),lattice_cell,Double,1,D1,2,12,×¤,Peh,Ï€,express,oracle/eval box,branch_cascade,Double,5,D5,17,27,Double-Double,composite,composed_attractors,Z-spider (copy/merge) â†” oracle/eval box
×‘×¦,×‘,Bet,Îº,container,Z-spider (copy/merge),lattice_cell,Double,1,D1,2,12,×¦,Tzaddi,Ï•,anchor_path,postselect / path lock,ridge_filament,Simple,11,S11,18,28,Double-Simple,composite,composed_attractors,Z-spider (copy/merge) â†” postselect / path lock
×‘×§,×‘,Bet,Îº,container,Z-spider (copy/merge),lattice_cell,Double,1,D1,2,12,×§,Qof,Î˜,horizon_cascade,Hadamard-X macro,period_doubling,Simple,12,S12,19,29,Double-Simple,composite,composed_attractors,Z-spider (copy/merge) â†” Hadamard-X macro
×‘×¨,×‘,Bet,Îº,container,Z-spider (copy/merge),lattice_cell,Double,1,D1,2,12,×¨,Resh,âˆ‚,rebirth_reflect,Z-H conjugation,arnold_tongues,Double,6,D6,20,30,Double-Double,composite,composed_attractors,Z-spider (copy/merge) â†” Z-H conjugation
×‘×©,×‘,Bet,Îº,container,Z-spider (copy/merge),lattice_cell,Double,1,D1,2,12,×©,Shin,âˆ®,flame_transform,chaotic mixer (macro),strange_attractor,Mother,3,M3,21,31,Double-Mother,composite,composed_attractors,Z-spider (copy/merge) â†” chaotic mixer (macro)
×‘×ª,×‘,Bet,Îº,container,Z-spider (copy/merge),lattice_cell,Double,1,D1,2,12,×ª,Tav,ğ’¢,completion_grace,global close / terminal,omega_limit,Double,7,D7,22,32,Double-Double,composite,composed_attractors,Z-spider (copy/merge) â†” global close / terminal
×’×“,×’,Gimel,Î³,bridge,H / basis-bridge,geodesic_web,Double,2,D2,3,13,×“,Dalet,Îµ,gate,controlled-phase,poincare_section,Double,3,D3,4,14,Double-Double,composite,composed_attractors,H / basis-bridge â†” controlled-phase
×’×”,×’,Gimel,Î³,bridge,H / basis-bridge,geodesic_web,Double,2,D2,3,13,×”,Heh,E,enact,X-rotation (actuation),limit_cycle_onset,Simple,1,S1,5,15,Double-Simple,composite,composed_attractors,H / basis-bridge â†” X-rotation (actuation)
×’×•,×’,Gimel,Î³,bridge,H / basis-bridge,geodesic_web,Double,2,D2,3,13,×•,Vav,âŠ—,link,spider fusion / entangler,percolation_cluster,Simple,2,S2,6,16,Double-Simple,network_fusion,transport_on_cluster,H / basis-bridge â†” spider fusion / entangler
×’×–,×’,Gimel,Î³,bridge,H / basis-bridge,geodesic_web,Double,2,D2,3,13,×–,Zayin,Î¶,cut,Z-projector / split,cantor_prune,Simple,3,S3,7,17,Double-Simple,composite,composed_attractors,H / basis-bridge â†” Z-projector / split
×’×—,×’,Gimel,Î³,bridge,H / basis-bridge,geodesic_web,Double,2,D2,3,13,×—,Chet,Ï‡,enclosure,boundary / cup-cap shell,filled_julia_hull,Simple,4,S4,8,18,Double-Simple,composite,composed_attractors,H / basis-bridge â†” boundary / cup-cap shell
×’×˜,×’,Gimel,Î³,bridge,H / basis-bridge,geodesic_web,Double,2,D2,3,13,×˜,Teth,Ï‘,twist,Y-rotation (quadrature),KAM_tori,Simple,5,S5,9,19,Double-Simple,composite,composed_attractors,H / basis-bridge â†” Y-rotation (quadrature)
×’×™,×’,Gimel,Î³,bridge,H / basis-bridge,geodesic_web,Double,2,D2,3,13,×™,Yod,Î¾,spark,phase-kick (tiny),infinitesimal_germ,Simple,6,S6,10,20,Double-Simple,composite,composed_attractors,H / basis-bridge â†” phase-kick (tiny)
×’×›,×’,Gimel,Î³,bridge,H / basis-bridge,geodesic_web,Double,2,D2,3,13,×›,Kaf,Îºâº,capacity,Z-phase / global bias,annular_torus,Double,4,D4,11,21,Double-Double,composite,composed_attractors,H / basis-bridge â†” Z-phase / global bias
×’×œ,×’,Gimel,Î³,bridge,H / basis-bridge,geodesic_web,Double,2,D2,3,13,×œ,Lamed,Î»,lift_balance,normalization / ZX-NF,RG_fixed_point,Simple,7,S7,12,22,Double-Simple,composite,composed_attractors,H / basis-bridge â†” normalization / ZX-NF
×’×,×’,Gimel,Î³,bridge,H / basis-bridge,geodesic_web,Double,2,D2,3,13,×,Mem,Î¼,memory,trace/feedback loop,basin_thickening,Mother,2,M2,13,23,Double-Mother,composite,composed_attractors,H / basis-bridge â†” trace/feedback loop
×’× ,×’,Gimel,Î³,bridge,H / basis-bridge,geodesic_web,Double,2,D2,3,13,× ,Nun,Î½,descent_rebirth,discard+reset / damping,skeleton_prune,Simple,8,S8,14,24,Double-Simple,composite,composed_attractors,H / basis-bridge â†” discard+reset / damping
×’×¡,×’,Gimel,Î³,bridge,H / basis-bridge,geodesic_web,Double,2,D2,3,13,×¡,Samekh,ğ’®,support,isometry + projector,backbone_tree,Simple,9,S9,15,25,Double-Simple,composite,composed_attractors,H / basis-bridge â†” isometry + projector
×’×¢,×’,Gimel,Î³,bridge,H / basis-bridge,geodesic_web,Double,2,D2,3,13,×¢,Ayin,Î±,observe,measurement (axis v),projected_shadow,Simple,10,S10,16,26,Double-Simple,composite,composed_attractors,H / basis-bridge â†” measurement (axis v)
×’×¤,×’,Gimel,Î³,bridge,H / basis-bridge,geodesic_web,Double,2,D2,3,13,×¤,Peh,Ï€,express,oracle/eval box,branch_cascade,Double,5,D5,17,27,Double-Double,composite,composed_attractors,H / basis-bridge â†” oracle/eval box
×’×¦,×’,Gimel,Î³,bridge,H / basis-bridge,geodesic_web,Double,2,D2,3,13,×¦,Tzaddi,Ï•,anchor_path,postselect / path lock,ridge_filament,Simple,11,S11,18,28,Double-Simple,composite,composed_attractors,H / basis-bridge â†” postselect / path lock
×’×§,×’,Gimel,Î³,bridge,H / basis-bridge,geodesic_web,Double,2,D2,3,13,×§,Qof,Î˜,horizon_cascade,Hadamard-X macro,period_doubling,Simple,12,S12,19,29,Double-Simple,composite,composed_attractors,H / basis-bridge â†” Hadamard-X macro
×’×¨,×’,Gimel,Î³,bridge,H / basis-bridge,geodesic_web,Double,2,D2,3,13,×¨,Resh,âˆ‚,rebirth_reflect,Z-H conjugation,arnold_tongues,Double,6,D6,20,30,Double-Double,composite,composed_attractors,H / basis-bridge â†” Z-H conjugation
×’×©,×’,Gimel,Î³,bridge,H / basis-bridge,geodesic_web,Double,2,D2,3,13,×©,Shin,âˆ®,flame_transform,chaotic mixer (macro),strange_attractor,Mother,3,M3,21,31,Double-Mother,composite,composed_attractors,H / basis-bridge â†” chaotic mixer (macro)
×’×ª,×’,Gimel,Î³,bridge,H / basis-bridge,geodesic_web,Double,2,D2,3,13,×ª,Tav,ğ’¢,completion_grace,global close / terminal,omega_limit,Double,7,D7,22,32,Double-Double,composite,composed_attractors,H / basis-bridge â†” global close / terminal
×“×”,×“,Dalet,Îµ,gate,controlled-phase,poincare_section,Double,3,D3,4,14,×”,Heh,E,enact,X-rotation (actuation),limit_cycle_onset,Simple,1,S1,5,15,Double-Simple,composite,composed_attractors,controlled-phase â†” X-rotation (actuation)
×“×•,×“,Dalet,Îµ,gate,controlled-phase,poincare_section,Double,3,D3,4,14,×•,Vav,âŠ—,link,spider fusion / entangler,percolation_cluster,Simple,2,S2,6,16,Double-Simple,conditional_entangle,composed_attractors,controlled-phase â†” spider fusion / entangler
×“×–,×“,Dalet,Îµ,gate,controlled-phase,poincare_section,Double,3,D3,4,14,×–,Zayin,Î¶,cut,Z-projector / split,cantor_prune,Simple,3,S3,7,17,Double-Simple,composite,composed_attractors,controlled-phase â†” Z-projector / split
×“×—,×“,Dalet,Îµ,gate,controlled-phase,poincare_section,Double,3,D3,4,14,×—,Chet,Ï‡,enclosure,boundary / cup-cap shell,filled_julia_hull,Simple,4,S4,8,18,Double-Simple,composite,composed_attractors,controlled-phase â†” boundary / cup-cap shell
×“×˜,×“,Dalet,Îµ,gate,controlled-phase,poincare_section,Double,3,D3,4,14,×˜,Teth,Ï‘,twist,Y-rotation (quadrature),KAM_tori,Simple,5,S5,9,19,Double-Simple,composite,composed_attractors,controlled-phase â†” Y-rotation (quadrature)
×“×™,×“,Dalet,Îµ,gate,controlled-phase,poincare_section,Double,3,D3,4,14,×™,Yod,Î¾,spark,phase-kick (tiny),infinitesimal_germ,Simple,6,S6,10,20,Double-Simple,initiated_selection,composed_attractors,controlled-phase â†” phase-kick (tiny)
×“×›,×“,Dalet,Îµ,gate,controlled-phase,poincare_section,Double,3,D3,4,14,×›,Kaf,Îºâº,capacity,Z-phase / global bias,annular_torus,Double,4,D4,11,21,Double-Double,composite,composed_attractors,controlled-phase â†” Z-phase / global bias
×“×œ,×“,Dalet,Îµ,gate,controlled-phase,poincare_section,Double,3,D3,4,14,×œ,Lamed,Î»,lift_balance,normalization / ZX-NF,RG_fixed_point,Simple,7,S7,12,22,Double-Simple,composite,composed_attractors,controlled-phase â†” normalization / ZX-NF
×“×,×“,Dalet,Îµ,gate,controlled-phase,poincare_section,Double,3,D3,4,14,×,Mem,Î¼,memory,trace/feedback loop,basin_thickening,Mother,2,M2,13,23,Double-Mother,composite,composed_attractors,controlled-phase â†” trace/feedback loop
×“× ,×“,Dalet,Îµ,gate,controlled-phase,poincare_section,Double,3,D3,4,14,× ,Nun,Î½,descent_rebirth,discard+reset / damping,skeleton_prune,Simple,8,S8,14,24,Double-Simple,composite,composed_attractors,controlled-phase â†” discard+reset / damping
×“×¡,×“,Dalet,Îµ,gate,controlled-phase,poincare_section,Double,3,D3,4,14,×¡,Samekh,ğ’®,support,isometry + projector,backbone_tree,Simple,9,S9,15,25,Double-Simple,composite,composed_attractors,controlled-phase â†” isometry + projector
×“×¢,×“,Dalet,Îµ,gate,controlled-phase,poincare_section,Double,3,D3,4,14,×¢,Ayin,Î±,observe,measurement (axis v),projected_shadow,Simple,10,S10,16,26,Double-Simple,composite,composed_attractors,controlled-phase â†” measurement (axis v)
×“×¤,×“,Dalet,Îµ,gate,controlled-phase,poincare_section,Double,3,D3,4,14,×¤,Peh,Ï€,express,oracle/eval box,branch_cascade,Double,5,D5,17,27,Double-Double,composite,composed_attractors,controlled-phase â†” oracle/eval box
×“×¦,×“,Dalet,Îµ,gate,controlled-phase,poincare_section,Double,3,D3,4,14,×¦,Tzaddi,Ï•,anchor_path,postselect / path lock,ridge_filament,Simple,11,S11,18,28,Double-Simple,composite,composed_attractors,controlled-phase â†” postselect / path lock
×“×§,×“,Dalet,Îµ,gate,controlled-phase,poincare_section,Double,3,D3,4,14,×§,Qof,Î˜,horizon_cascade,Hadamard-X macro,period_doubling,Simple,12,S12,19,29,Double-Simple,composite,composed_attractors,controlled-phase â†” Hadamard-X macro
×“×¨,×“,Dalet,Îµ,gate,controlled-phase,poincare_section,Double,3,D3,4,14,×¨,Resh,âˆ‚,rebirth_reflect,Z-H conjugation,arnold_tongues,Double,6,D6,20,30,Double-Double,composite,composed_attractors,controlled-phase â†” Z-H conjugation
×“×©,×“,Dalet,Îµ,gate,controlled-phase,poincare_section,Double,3,D3,4,14,×©,Shin,âˆ®,flame_transform,chaotic mixer (macro),strange_attractor,Mother,3,M3,21,31,Double-Mother,composite,composed_attractors,controlled-phase â†” chaotic mixer (macro)
×“×ª,×“,Dalet,Îµ,gate,controlled-phase,poincare_section,Double,3,D3,4,14,×ª,Tav,ğ’¢,completion_grace,global close / terminal,omega_limit,Double,7,D7,22,32,Double-Double,composite,composed_attractors,controlled-phase â†” global close / terminal
×”×•,×”,Heh,E,enact,X-rotation (actuation),limit_cycle_onset,Simple,1,S1,5,15,×•,Vav,âŠ—,link,spider fusion / entangler,percolation_cluster,Simple,2,S2,6,16,Simple-Simple,composite,composed_attractors,X-rotation (actuation) â†” spider fusion / entangler
×”×–,×”,Heh,E,enact,X-rotation (actuation),limit_cycle_onset,Simple,1,S1,5,15,×–,Zayin,Î¶,cut,Z-projector / split,cantor_prune,Simple,3,S3,7,17,Simple-Simple,composite,composed_attractors,X-rotation (actuation) â†” Z-projector / split
×”×—,×”,Heh,E,enact,X-rotation (actuation),limit_cycle_onset,Simple,1,S1,5,15,×—,Chet,Ï‡,enclosure,boundary / cup-cap shell,filled_julia_hull,Simple,4,S4,8,18,Simple-Simple,composite,composed_attractors,X-rotation (actuation) â†” boundary / cup-cap shell
×”×˜,×”,Heh,E,enact,X-rotation (actuation),limit_cycle_onset,Simple,1,S1,5,15,×˜,Teth,Ï‘,twist,Y-rotation (quadrature),KAM_tori,Simple,5,S5,9,19,Simple-Simple,composite,composed_attractors,X-rotation (actuation) â†” Y-rotation (quadrature)
×”×™,×”,Heh,E,enact,X-rotation (actuation),limit_cycle_onset,Simple,1,S1,5,15,×™,Yod,Î¾,spark,phase-kick (tiny),infinitesimal_germ,Simple,6,S6,10,20,Simple-Simple,micro_to_act,composed_attractors,X-rotation (actuation) â†” phase-kick (tiny)
×”×›,×”,Heh,E,enact,X-rotation (actuation),limit_cycle_onset,Simple,1,S1,5,15,×›,Kaf,Îºâº,capacity,Z-phase / global bias,annular_torus,Double,4,D4,11,21,Double-Simple,composite,composed_attractors,X-rotation (actuation) â†” Z-phase / global bias
×”×œ,×”,Heh,E,enact,X-rotation (actuation),limit_cycle_onset,Simple,1,S1,5,15,×œ,Lamed,Î»,lift_balance,normalization / ZX-NF,RG_fixed_point,Simple,7,S7,12,22,Simple-Simple,composite,composed_attractors,X-rotation (actuation) â†” normalization / ZX-NF
×”×,×”,Heh,E,enact,X-rotation (actuation),limit_cycle_onset,Simple,1,S1,5,15,×,Mem,Î¼,memory,trace/feedback loop,basin_thickening,Mother,2,M2,13,23,Mother-Simple,composite,composed_attractors,X-rotation (actuation) â†” trace/feedback loop
×”× ,×”,Heh,E,enact,X-rotation (actuation),limit_cycle_onset,Simple,1,S1,5,15,× ,Nun,Î½,descent_rebirth,discard+reset / damping,skeleton_prune,Simple,8,S8,14,24,Simple-Simple,composite,composed_attractors,X-rotation (actuation) â†” discard+reset / damping
×”×¡,×”,Heh,E,enact,X-rotation (actuation),limit_cycle_onset,Simple,1,S1,5,15,×¡,Samekh,ğ’®,support,isometry + projector,backbone_tree,Simple,9,S9,15,25,Simple-Simple,composite,composed_attractors,X-rotation (actuation) â†” isometry + projector
×”×¢,×”,Heh,E,enact,X-rotation (actuation),limit_cycle_onset,Simple,1,S1,5,15,×¢,Ayin,Î±,observe,measurement (axis v),projected_shadow,Simple,10,S10,16,26,Simple-Simple,composite,composed_attractors,X-rotation (actuation) â†” measurement (axis v)
×”×¤,×”,Heh,E,enact,X-rotation (actuation),limit_cycle_onset,Simple,1,S1,5,15,×¤,Peh,Ï€,express,oracle/eval box,branch_cascade,Double,5,D5,17,27,Double-Simple,composite,composed_attractors,X-rotation (actuation) â†” oracle/eval box
×”×¦,×”,Heh,E,enact,X-rotation (actuation),limit_cycle_onset,Simple,1,S1,5,15,×¦,Tzaddi,Ï•,anchor_path,postselect / path lock,ridge_filament,Simple,11,S11,18,28,Simple-Simple,composite,composed_attractors,X-rotation (actuation) â†” postselect / path lock
×”×§,×”,Heh,E,enact,X-rotation (actuation),limit_cycle_onset,Simple,1,S1,5,15,×§,Qof,Î˜,horizon_cascade,Hadamard-X macro,period_doubling,Simple,12,S12,19,29,Simple-Simple,composite,composed_attractors,X-rotation (actuation) â†” Hadamard-X macro
×”×¨,×”,Heh,E,enact,X-rotation (actuation),limit_cycle_onset,Simple,1,S1,5,15,×¨,Resh,âˆ‚,rebirth_reflect,Z-H conjugation,arnold_tongues,Double,6,D6,20,30,Double-Simple,composite,composed_attractors,X-rotation (actuation) â†” Z-H conjugation
×”×©,×”,Heh,E,enact,X-rotation (actuation),limit_cycle_onset,Simple,1,S1,5,15,×©,Shin,âˆ®,flame_transform,chaotic mixer (macro),strange_attractor,Mother,3,M3,21,31,Mother-Simple,composite,composed_attractors,X-rotation (actuation) â†” chaotic mixer (macro)
×”×ª,×”,Heh,E,enact,X-rotation (actuation),limit_cycle_onset,Simple,1,S1,5,15,×ª,Tav,ğ’¢,completion_grace,global close / terminal,omega_limit,Double,7,D7,22,32,Double-Simple,composite,composed_attractors,X-rotation (actuation) â†” global close / terminal
×•×–,×•,Vav,âŠ—,link,spider fusion / entangler,percolation_cluster,Simple,2,S2,6,16,×–,Zayin,Î¶,cut,Z-projector / split,cantor_prune,Simple,3,S3,7,17,Simple-Simple,selective_entangle,composed_attractors,spider fusion / entangler â†” Z-projector / split
×•×—,×•,Vav,âŠ—,link,spider fusion / entangler,percolation_cluster,Simple,2,S2,6,16,×—,Chet,Ï‡,enclosure,boundary / cup-cap shell,filled_julia_hull,Simple,4,S4,8,18,Simple-Simple,composite,composed_attractors,spider fusion / entangler â†” boundary / cup-cap shell
×•×˜,×•,Vav,âŠ—,link,spider fusion / entangler,percolation_cluster,Simple,2,S2,6,16,×˜,Teth,Ï‘,twist,Y-rotation (quadrature),KAM_tori,Simple,5,S5,9,19,Simple-Simple,composite,composed_attractors,spider fusion / entangler â†” Y-rotation (quadrature)
×•×™,×•,Vav,âŠ—,link,spider fusion / entangler,percolation_cluster,Simple,2,S2,6,16,×™,Yod,Î¾,spark,phase-kick (tiny),infinitesimal_germ,Simple,6,S6,10,20,Simple-Simple,seeded_entangle,composed_attractors,spider fusion / entangler â†” phase-kick (tiny)
×•×›,×•,Vav,âŠ—,link,spider fusion / entangler,percolation_cluster,Simple,2,S2,6,16,×›,Kaf,Îºâº,capacity,Z-phase / global bias,annular_torus,Double,4,D4,11,21,Double-Simple,composite,composed_attractors,spider fusion / entangler â†” Z-phase / global bias
×•×œ,×•,Vav,âŠ—,link,spider fusion / entangler,percolation_cluster,Simple,2,S2,6,16,×œ,Lamed,Î»,lift_balance,normalization / ZX-NF,RG_fixed_point,Simple,7,S7,12,22,Simple-Simple,composite,composed_attractors,spider fusion / entangler â†” normalization / ZX-NF
×•×,×•,Vav,âŠ—,link,spider fusion / entangler,percolation_cluster,Simple,2,S2,6,16,×,Mem,Î¼,memory,trace/feedback loop,basin_thickening,Mother,2,M2,13,23,Mother-Simple,composite,composed_attractors,spider fusion / entangler â†” trace/feedback loop
×•× ,×•,Vav,âŠ—,link,spider fusion / entangler,percolation_cluster,Simple,2,S2,6,16,× ,Nun,Î½,descent_rebirth,discard+reset / damping,skeleton_prune,Simple,8,S8,14,24,Simple-Simple,composite,composed_attractors,spider fusion / entangler â†” discard+reset / damping
×•×¡,×•,Vav,âŠ—,link,spider fusion / entangler,percolation_cluster,Simple,2,S2,6,16,×¡,Samekh,ğ’®,support,isometry + projector,backbone_tree,Simple,9,S9,15,25,Simple-Simple,composite,composed_attractors,spider fusion / entangler â†” isometry + projector
×•×¢,×•,Vav,âŠ—,link,spider fusion / entangler,percolation_cluster,Simple,2,S2,6,16,×¢,Ayin,Î±,observe,measurement (axis v),projected_shadow,Simple,10,S10,16,26,Simple-Simple,composite,composed_attractors,spider fusion / entangler â†” measurement (axis v)
×•×¤,×•,Vav,âŠ—,link,spider fusion / entangler,percolation_cluster,Simple,2,S2,6,16,×¤,Peh,Ï€,express,oracle/eval box,branch_cascade,Double,5,D5,17,27,Double-Simple,composite,composed_attractors,spider fusion / entangler â†” oracle/eval box
×•×¦,×•,Vav,âŠ—,link,spider fusion / entangler,percolation_cluster,Simple,2,S2,6,16,×¦,Tzaddi,Ï•,anchor_path,postselect / path lock,ridge_filament,Simple,11,S11,18,28,Simple-Simple,composite,composed_attractors,spider fusion / entangler â†” postselect / path lock
×•×§,×•,Vav,âŠ—,link,spider fusion / entangler,percolation_cluster,Simple,2,S2,6,16,×§,Qof,Î˜,horizon_cascade,Hadamard-X macro,period_doubling,Simple,12,S12,19,29,Simple-Simple,composite,composed_attractors,spider fusion / entangler â†” Hadamard-X macro
×•×¨,×•,Vav,âŠ—,link,spider fusion / entangler,percolation_cluster,Simple,2,S2,6,16,×¨,Resh,âˆ‚,rebirth_reflect,Z-H conjugation,arnold_tongues,Double,6,D6,20,30,Double-Simple,composite,composed_attractors,spider fusion / entangler â†” Z-H conjugation
×•×©,×•,Vav,âŠ—,link,spider fusion / entangler,percolation_cluster,Simple,2,S2,6,16,×©,Shin,âˆ®,flame_transform,chaotic mixer (macro),strange_attractor,Mother,3,M3,21,31,Mother-Simple,composite,composed_attractors,spider fusion / entangler â†” chaotic mixer (macro)
×•×ª,×•,Vav,âŠ—,link,spider fusion / entangler,percolation_cluster,Simple,2,S2,6,16,×ª,Tav,ğ’¢,completion_grace,global close / terminal,omega_limit,Double,7,D7,22,32,Double-Simple,composite,composed_attractors,spider fusion / entangler â†” global close / terminal
×–×—,×–,Zayin,Î¶,cut,Z-projector / split,cantor_prune,Simple,3,S3,7,17,×—,Chet,Ï‡,enclosure,boundary / cup-cap shell,filled_julia_hull,Simple,4,S4,8,18,Simple-Simple,sculpted_region,pruned_hull,Z-projector / split â†” boundary / cup-cap shell
×–×˜,×–,Zayin,Î¶,cut,Z-projector / split,cantor_prune,Simple,3,S3,7,17,×˜,Teth,Ï‘,twist,Y-rotation (quadrature),KAM_tori,Simple,5,S5,9,19,Simple-Simple,composite,composed_attractors,Z-projector / split â†” Y-rotation (quadrature)
×–×™,×–,Zayin,Î¶,cut,Z-projector / split,cantor_prune,Simple,3,S3,7,17,×™,Yod,Î¾,spark,phase-kick (tiny),infinitesimal_germ,Simple,6,S6,10,20,Simple-Simple,composite,composed_attractors,Z-projector / split â†” phase-kick (tiny)
×–×›,×–,Zayin,Î¶,cut,Z-projector / split,cantor_prune,Simple,3,S3,7,17,×›,Kaf,Îºâº,capacity,Z-phase / global bias,annular_torus,Double,4,D4,11,21,Double-Simple,composite,composed_attractors,Z-projector / split â†” Z-phase / global bias
×–×œ,×–,Zayin,Î¶,cut,Z-projector / split,cantor_prune,Simple,3,S3,7,17,×œ,Lamed,Î»,lift_balance,normalization / ZX-NF,RG_fixed_point,Simple,7,S7,12,22,Simple-Simple,composite,composed_attractors,Z-projector / split â†” normalization / ZX-NF
×–×,×–,Zayin,Î¶,cut,Z-projector / split,cantor_prune,Simple,3,S3,7,17,×,Mem,Î¼,memory,trace/feedback loop,basin_thickening,Mother,2,M2,13,23,Mother-Simple,composite,composed_attractors,Z-projector / split â†” trace/feedback loop
×–× ,×–,Zayin,Î¶,cut,Z-projector / split,cantor_prune,Simple,3,S3,7,17,× ,Nun,Î½,descent_rebirth,discard+reset / damping,skeleton_prune,Simple,8,S8,14,24,Simple-Simple,composite,composed_attractors,Z-projector / split â†” discard+reset / damping
×–×¡,×–,Zayin,Î¶,cut,Z-projector / split,cantor_prune,Simple,3,S3,7,17,×¡,Samekh,ğ’®,support,isometry + projector,backbone_tree,Simple,9,S9,15,25,Simple-Simple,composite,composed_attractors,Z-projector / split â†” isometry + projector
×–×¢,×–,Zayin,Î¶,cut,Z-projector / split,cantor_prune,Simple,3,S3,7,17,×¢,Ayin,Î±,observe,measurement (axis v),projected_shadow,Simple,10,S10,16,26,Simple-Simple,composite,composed_attractors,Z-projector / split â†” measurement (axis v)
×–×¤,×–,Zayin,Î¶,cut,Z-projector / split,cantor_prune,Simple,3,S3,7,17,×¤,Peh,Ï€,express,oracle/eval box,branch_cascade,Double,5,D5,17,27,Double-Simple,composite,composed_attractors,Z-projector / split â†” oracle/eval box
×–×¦,×–,Zayin,Î¶,cut,Z-projector / split,cantor_prune,Simple,3,S3,7,17,×¦,Tzaddi,Ï•,anchor_path,postselect / path lock,ridge_filament,Simple,11,S11,18,28,Simple-Simple,composite,composed_attractors,Z-projector / split â†” postselect / path lock
×–×§,×–,Zayin,Î¶,cut,Z-projector / split,cantor_prune,Simple,3,S3,7,17,×§,Qof,Î˜,horizon_cascade,Hadamard-X macro,period_doubling,Simple,12,S12,19,29,Simple-Simple,composite,composed_attractors,Z-projector / split â†” Hadamard-X macro
×–×¨,×–,Zayin,Î¶,cut,Z-projector / split,cantor_prune,Simple,3,S3,7,17,×¨,Resh,âˆ‚,rebirth_reflect,Z-H conjugation,arnold_tongues,Double,6,D6,20,30,Double-Simple,composite,composed_attractors,Z-projector / split â†” Z-H conjugation
×–×©,×–,Zayin,Î¶,cut,Z-projector / split,cantor_prune,Simple,3,S3,7,17,×©,Shin,âˆ®,flame_transform,chaotic mixer (macro),strange_attractor,Mother,3,M3,21,31,Mother-Simple,chaos_pruned,composed_attractors,Z-projector / split â†” chaotic mixer (macro)
×–×ª,×–,Zayin,Î¶,cut,Z-projector / split,cantor_prune,Simple,3,S3,7,17,×ª,Tav,ğ’¢,completion_grace,global close / terminal,omega_limit,Double,7,D7,22,32,Double-Simple,composite,composed_attractors,Z-projector / split â†” global close / terminal
×—×˜,×—,Chet,Ï‡,enclosure,boundary / cup-cap shell,filled_julia_hull,Simple,4,S4,8,18,×˜,Teth,Ï‘,twist,Y-rotation (quadrature),KAM_tori,Simple,5,S5,9,19,Simple-Simple,composite,composed_attractors,boundary / cup-cap shell â†” Y-rotation (quadrature)
×—×™,×—,Chet,Ï‡,enclosure,boundary / cup-cap shell,filled_julia_hull,Simple,4,S4,8,18,×™,Yod,Î¾,spark,phase-kick (tiny),infinitesimal_germ,Simple,6,S6,10,20,Simple-Simple,composite,composed_attractors,boundary / cup-cap shell â†” phase-kick (tiny)
×—×›,×—,Chet,Ï‡,enclosure,boundary / cup-cap shell,filled_julia_hull,Simple,4,S4,8,18,×›,Kaf,Îºâº,capacity,Z-phase / global bias,annular_torus,Double,4,D4,11,21,Double-Simple,composite,composed_attractors,boundary / cup-cap shell â†” Z-phase / global bias
×—×œ,×—,Chet,Ï‡,enclosure,boundary / cup-cap shell,filled_julia_hull,Simple,4,S4,8,18,×œ,Lamed,Î»,lift_balance,normalization / ZX-NF,RG_fixed_point,Simple,7,S7,12,22,Simple-Simple,composite,composed_attractors,boundary / cup-cap shell â†” normalization / ZX-NF
×—×,×—,Chet,Ï‡,enclosure,boundary / cup-cap shell,filled_julia_hull,Simple,4,S4,8,18,×,Mem,Î¼,memory,trace/feedback loop,basin_thickening,Mother,2,M2,13,23,Mother-Simple,composite,composed_attractors,boundary / cup-cap shell â†” trace/feedback loop
×—× ,×—,Chet,Ï‡,enclosure,boundary / cup-cap shell,filled_julia_hull,Simple,4,S4,8,18,× ,Nun,Î½,descent_rebirth,discard+reset / damping,skeleton_prune,Simple,8,S8,14,24,Simple-Simple,composite,composed_attractors,boundary / cup-cap shell â†” discard+reset / damping
×—×¡,×—,Chet,Ï‡,enclosure,boundary / cup-cap shell,filled_julia_hull,Simple,4,S4,8,18,×¡,Samekh,ğ’®,support,isometry + projector,backbone_tree,Simple,9,S9,15,25,Simple-Simple,composite,composed_attractors,boundary / cup-cap shell â†” isometry + projector
×—×¢,×—,Chet,Ï‡,enclosure,boundary / cup-cap shell,filled_julia_hull,Simple,4,S4,8,18,×¢,Ayin,Î±,observe,measurement (axis v),projected_shadow,Simple,10,S10,16,26,Simple-Simple,composite,composed_attractors,boundary / cup-cap shell â†” measurement (axis v)
×—×¤,×—,Chet,Ï‡,enclosure,boundary / cup-cap shell,filled_julia_hull,Simple,4,S4,8,18,×¤,Peh,Ï€,express,oracle/eval box,branch_cascade,Double,5,D5,17,27,Double-Simple,composite,composed_attractors,boundary / cup-cap shell â†” oracle/eval box
×—×¦,×—,Chet,Ï‡,enclosure,boundary / cup-cap shell,filled_julia_hull,Simple,4,S4,8,18,×¦,Tzaddi,Ï•,anchor_path,postselect / path lock,ridge_filament,Simple,11,S11,18,28,Simple-Simple,composite,composed_attractors,boundary / cup-cap shell â†” postselect / path lock
×—×§,×—,Chet,Ï‡,enclosure,boundary / cup-cap shell,filled_julia_hull,Simple,4,S4,8,18,×§,Qof,Î˜,horizon_cascade,Hadamard-X macro,period_doubling,Simple,12,S12,19,29,Simple-Simple,composite,composed_attractors,boundary / cup-cap shell â†” Hadamard-X macro
×—×¨,×—,Chet,Ï‡,enclosure,boundary / cup-cap shell,filled_julia_hull,Simple,4,S4,8,18,×¨,Resh,âˆ‚,rebirth_reflect,Z-H conjugation,arnold_tongues,Double,6,D6,20,30,Double-Simple,composite,composed_attractors,boundary / cup-cap shell â†” Z-H conjugation
×—×©,×—,Chet,Ï‡,enclosure,boundary / cup-cap shell,filled_julia_hull,Simple,4,S4,8,18,×©,Shin,âˆ®,flame_transform,chaotic mixer (macro),strange_attractor,Mother,3,M3,21,31,Mother-Simple,composite,composed_attractors,boundary / cup-cap shell â†” chaotic mixer (macro)
×—×ª,×—,Chet,Ï‡,enclosure,boundary / cup-cap shell,filled_julia_hull,Simple,4,S4,8,18,×ª,Tav,ğ’¢,completion_grace,global close / terminal,omega_limit,Double,7,D7,22,32,Double-Simple,composite,composed_attractors,boundary / cup-cap shell â†” global close / terminal
×˜×™,×˜,Teth,Ï‘,twist,Y-rotation (quadrature),KAM_tori,Simple,5,S5,9,19,×™,Yod,Î¾,spark,phase-kick (tiny),infinitesimal_germ,Simple,6,S6,10,20,Simple-Simple,composite,composed_attractors,Y-rotation (quadrature) â†” phase-kick (tiny)
×˜×›,×˜,Teth,Ï‘,twist,Y-rotation (quadrature),KAM_tori,Simple,5,S5,9,19,×›,Kaf,Îºâº,capacity,Z-phase / global bias,annular_torus,Double,4,D4,11,21,Double-Simple,curved_phase_bias,nested_tori,Y-rotation (quadrature) â†” Z-phase / global bias
×˜×œ,×˜,Teth,Ï‘,twist,Y-rotation (quadrature),KAM_tori,Simple,5,S5,9,19,×œ,Lamed,Î»,lift_balance,normalization / ZX-NF,RG_fixed_point,Simple,7,S7,12,22,Simple-Simple,composite,composed_attractors,Y-rotation (quadrature) â†” normalization / ZX-NF
×˜×,×˜,Teth,Ï‘,twist,Y-rotation (quadrature),KAM_tori,Simple,5,S5,9,19,×,Mem,Î¼,memory,trace/feedback loop,basin_thickening,Mother,2,M2,13,23,Mother-Simple,composite,composed_attractors,Y-rotation (quadrature) â†” trace/feedback loop
×˜× ,×˜,Teth,Ï‘,twist,Y-rotation (quadrature),KAM_tori,Simple,5,S5,9,19,× ,Nun,Î½,descent_rebirth,discard+reset / damping,skeleton_prune,Simple,8,S8,14,24,Simple-Simple,composite,composed_attractors,Y-rotation (quadrature) â†” discard+reset / damping
×˜×¡,×˜,Teth,Ï‘,twist,Y-rotation (quadrature),KAM_tori,Simple,5,S5,9,19,×¡,Samekh,ğ’®,support,isometry + projector,backbone_tree,Simple,9,S9,15,25,Simple-Simple,composite,composed_attractors,Y-rotation (quadrature) â†” isometry + projector
×˜×¢,×˜,Teth,Ï‘,twist,Y-rotation (quadrature),KAM_tori,Simple,5,S5,9,19,×¢,Ayin,Î±,observe,measurement (axis v),projected_shadow,Simple,10,S10,16,26,Simple-Simple,composite,composed_attractors,Y-rotation (quadrature) â†” measurement (axis v)
×˜×¤,×˜,Teth,Ï‘,twist,Y-rotation (quadrature),KAM_tori,Simple,5,S5,9,19,×¤,Peh,Ï€,express,oracle/eval box,branch_cascade,Double,5,D5,17,27,Double-Simple,composite,composed_attractors,Y-rotation (quadrature) â†” oracle/eval box
×˜×¦,×˜,Teth,Ï‘,twist,Y-rotation (quadrature),KAM_tori,Simple,5,S5,9,19,×¦,Tzaddi,Ï•,anchor_path,postselect / path lock,ridge_filament,Simple,11,S11,18,28,Simple-Simple,composite,composed_attractors,Y-rotation (quadrature) â†” postselect / path lock
×˜×§,×˜,Teth,Ï‘,twist,Y-rotation (quadrature),KAM_tori,Simple,5,S5,9,19,×§,Qof,Î˜,horizon_cascade,Hadamard-X macro,period_doubling,Simple,12,S12,19,29,Simple-Simple,composite,composed_attractors,Y-rotation (quadrature) â†” Hadamard-X macro
×˜×¨,×˜,Teth,Ï‘,twist,Y-rotation (quadrature),KAM_tori,Simple,5,S5,9,19,×¨,Resh,âˆ‚,rebirth_reflect,Z-H conjugation,arnold_tongues,Double,6,D6,20,30,Double-Simple,composite,composed_attractors,Y-rotation (quadrature) â†” Z-H conjugation
×˜×©,×˜,Teth,Ï‘,twist,Y-rotation (quadrature),KAM_tori,Simple,5,S5,9,19,×©,Shin,âˆ®,flame_transform,chaotic mixer (macro),strange_attractor,Mother,3,M3,21,31,Mother-Simple,composite,composed_attractors,Y-rotation (quadrature) â†” chaotic mixer (macro)
×˜×ª,×˜,Teth,Ï‘,twist,Y-rotation (quadrature),KAM_tori,Simple,5,S5,9,19,×ª,Tav,ğ’¢,completion_grace,global close / terminal,omega_limit,Double,7,D7,22,32,Double-Simple,composite,composed_attractors,Y-rotation (quadrature) â†” global close / terminal
×™×›,×™,Yod,Î¾,spark,phase-kick (tiny),infinitesimal_germ,Simple,6,S6,10,20,×›,Kaf,Îºâº,capacity,Z-phase / global bias,annular_torus,Double,4,D4,11,21,Double-Simple,composite,composed_attractors,phase-kick (tiny) â†” Z-phase / global bias
×™×œ,×™,Yod,Î¾,spark,phase-kick (tiny),infinitesimal_germ,Simple,6,S6,10,20,×œ,Lamed,Î»,lift_balance,normalization / ZX-NF,RG_fixed_point,Simple,7,S7,12,22,Simple-Simple,composite,composed_attractors,phase-kick (tiny) â†” normalization / ZX-NF
×™×,×™,Yod,Î¾,spark,phase-kick (tiny),infinitesimal_germ,Simple,6,S6,10,20,×,Mem,Î¼,memory,trace/feedback loop,basin_thickening,Mother,2,M2,13,23,Mother-Simple,composite,composed_attractors,phase-kick (tiny) â†” trace/feedback loop
×™× ,×™,Yod,Î¾,spark,phase-kick (tiny),infinitesimal_germ,Simple,6,S6,10,20,× ,Nun,Î½,descent_rebirth,discard+reset / damping,skeleton_prune,Simple,8,S8,14,24,Simple-Simple,composite,composed_attractors,phase-kick (tiny) â†” discard+reset / damping
×™×¡,×™,Yod,Î¾,spark,phase-kick (tiny),infinitesimal_germ,Simple,6,S6,10,20,×¡,Samekh,ğ’®,support,isometry + projector,backbone_tree,Simple,9,S9,15,25,Simple-Simple,composite,composed_attractors,phase-kick (tiny) â†” isometry + projector
×™×¢,×™,Yod,Î¾,spark,phase-kick (tiny),infinitesimal_germ,Simple,6,S6,10,20,×¢,Ayin,Î±,observe,measurement (axis v),projected_shadow,Simple,10,S10,16,26,Simple-Simple,composite,composed_attractors,phase-kick (tiny) â†” measurement (axis v)
×™×¤,×™,Yod,Î¾,spark,phase-kick (tiny),infinitesimal_germ,Simple,6,S6,10,20,×¤,Peh,Ï€,express,oracle/eval box,branch_cascade,Double,5,D5,17,27,Double-Simple,composite,composed_attractors,phase-kick (tiny) â†” oracle/eval box
×™×¦,×™,Yod,Î¾,spark,phase-kick (tiny),infinitesimal_germ,Simple,6,S6,10,20,×¦,Tzaddi,Ï•,anchor_path,postselect / path lock,ridge_filament,Simple,11,S11,18,28,Simple-Simple,composite,composed_attractors,phase-kick (tiny) â†” postselect / path lock
×™×§,×™,Yod,Î¾,spark,phase-kick (tiny),infinitesimal_germ,Simple,6,S6,10,20,×§,Qof,Î˜,horizon_cascade,Hadamard-X macro,period_doubling,Simple,12,S12,19,29,Simple-Simple,composite,composed_attractors,phase-kick (tiny) â†” Hadamard-X macro
×™×¨,×™,Yod,Î¾,spark,phase-kick (tiny),infinitesimal_germ,Simple,6,S6,10,20,×¨,Resh,âˆ‚,rebirth_reflect,Z-H conjugation,arnold_tongues,Double,6,D6,20,30,Double-Simple,composite,composed_attractors,phase-kick (tiny) â†” Z-H conjugation
×™×©,×™,Yod,Î¾,spark,phase-kick (tiny),infinitesimal_germ,Simple,6,S6,10,20,×©,Shin,âˆ®,flame_transform,chaotic mixer (macro),strange_attractor,Mother,3,M3,21,31,Mother-Simple,composite,composed_attractors,phase-kick (tiny) â†” chaotic mixer (macro)
×™×ª,×™,Yod,Î¾,spark,phase-kick (tiny),infinitesimal_germ,Simple,6,S6,10,20,×ª,Tav,ğ’¢,completion_grace,global close / terminal,omega_limit,Double,7,D7,22,32,Double-Simple,composite,composed_attractors,phase-kick (tiny) â†” global close / terminal
×›×œ,×›,Kaf,Îºâº,capacity,Z-phase / global bias,annular_torus,Double,4,D4,11,21,×œ,Lamed,Î»,lift_balance,normalization / ZX-NF,RG_fixed_point,Simple,7,S7,12,22,Double-Simple,composite,composed_attractors,Z-phase / global bias â†” normalization / ZX-NF
×›×,×›,Kaf,Îºâº,capacity,Z-phase / global bias,annular_torus,Double,4,D4,11,21,×,Mem,Î¼,memory,trace/feedback loop,basin_thickening,Mother,2,M2,13,23,Double-Mother,composite,composed_attractors,Z-phase / global bias â†” trace/feedback loop
×›× ,×›,Kaf,Îºâº,capacity,Z-phase / global bias,annular_torus,Double,4,D4,11,21,× ,Nun,Î½,descent_rebirth,discard+reset / damping,skeleton_prune,Simple,8,S8,14,24,Double-Simple,composite,composed_attractors,Z-phase / global bias â†” discard+reset / damping
×›×¡,×›,Kaf,Îºâº,capacity,Z-phase / global bias,annular_torus,Double,4,D4,11,21,×¡,Samekh,ğ’®,support,isometry + projector,backbone_tree,Simple,9,S9,15,25,Double-Simple,composite,composed_attractors,Z-phase / global bias â†” isometry + projector
×›×¢,×›,Kaf,Îºâº,capacity,Z-phase / global bias,annular_torus,Double,4,D4,11,21,×¢,Ayin,Î±,observe,measurement (axis v),projected_shadow,Simple,10,S10,16,26,Double-Simple,composite,composed_attractors,Z-phase / global bias â†” measurement (axis v)
×›×¤,×›,Kaf,Îºâº,capacity,Z-phase / global bias,annular_torus,Double,4,D4,11,21,×¤,Peh,Ï€,express,oracle/eval box,branch_cascade,Double,5,D5,17,27,Double-Double,composite,composed_attractors,Z-phase / global bias â†” oracle/eval box
×›×¦,×›,Kaf,Îºâº,capacity,Z-phase / global bias,annular_torus,Double,4,D4,11,21,×¦,Tzaddi,Ï•,anchor_path,postselect / path lock,ridge_filament,Simple,11,S11,18,28,Double-Simple,composite,composed_attractors,Z-phase / global bias â†” postselect / path lock
×›×§,×›,Kaf,Îºâº,capacity,Z-phase / global bias,annular_torus,Double,4,D4,11,21,×§,Qof,Î˜,horizon_cascade,Hadamard-X macro,period_doubling,Simple,12,S12,19,29,Double-Simple,composite,composed_attractors,Z-phase / global bias â†” Hadamard-X macro
×›×¨,×›,Kaf,Îºâº,capacity,Z-phase / global bias,annular_torus,Double,4,D4,11,21,×¨,Resh,âˆ‚,rebirth_reflect,Z-H conjugation,arnold_tongues,Double,6,D6,20,30,Double-Double,composite,composed_attractors,Z-phase / global bias â†” Z-H conjugation
×›×©,×›,Kaf,Îºâº,capacity,Z-phase / global bias,annular_torus,Double,4,D4,11,21,×©,Shin,âˆ®,flame_transform,chaotic mixer (macro),strange_attractor,Mother,3,M3,21,31,Double-Mother,composite,composed_attractors,Z-phase / global bias â†” chaotic mixer (macro)
×›×ª,×›,Kaf,Îºâº,capacity,Z-phase / global bias,annular_torus,Double,4,D4,11,21,×ª,Tav,ğ’¢,completion_grace,global close / terminal,omega_limit,Double,7,D7,22,32,Double-Double,composite,composed_attractors,Z-phase / global bias â†” global close / terminal
×œ×,×œ,Lamed,Î»,lift_balance,normalization / ZX-NF,RG_fixed_point,Simple,7,S7,12,22,×,Mem,Î¼,memory,trace/feedback loop,basin_thickening,Mother,2,M2,13,23,Mother-Simple,learned_memory,critical_basin,normalization / ZX-NF â†” trace/feedback loop
×œ× ,×œ,Lamed,Î»,lift_balance,normalization / ZX-NF,RG_fixed_point,Simple,7,S7,12,22,× ,Nun,Î½,descent_rebirth,discard+reset / damping,skeleton_prune,Simple,8,S8,14,24,Simple-Simple,composite,composed_attractors,normalization / ZX-NF â†” discard+reset / damping
×œ×¡,×œ,Lamed,Î»,lift_balance,normalization / ZX-NF,RG_fixed_point,Simple,7,S7,12,22,×¡,Samekh,ğ’®,support,isometry + projector,backbone_tree,Simple,9,S9,15,25,Simple-Simple,composite,composed_attractors,normalization / ZX-NF â†” isometry + projector
×œ×¢,×œ,Lamed,Î»,lift_balance,normalization / ZX-NF,RG_fixed_point,Simple,7,S7,12,22,×¢,Ayin,Î±,observe,measurement (axis v),projected_shadow,Simple,10,S10,16,26,Simple-Simple,composite,composed_attractors,normalization / ZX-NF â†” measurement (axis v)
×œ×¤,×œ,Lamed,Î»,lift_balance,normalization / ZX-NF,RG_fixed_point,Simple,7,S7,12,22,×¤,Peh,Ï€,express,oracle/eval box,branch_cascade,Double,5,D5,17,27,Double-Simple,composite,composed_attractors,normalization / ZX-NF â†” oracle/eval box
×œ×¦,×œ,Lamed,Î»,lift_balance,normalization / ZX-NF,RG_fixed_point,Simple,7,S7,12,22,×¦,Tzaddi,Ï•,anchor_path,postselect / path lock,ridge_filament,Simple,11,S11,18,28,Simple-Simple,composite,composed_attractors,normalization / ZX-NF â†” postselect / path lock
×œ×§,×œ,Lamed,Î»,lift_balance,normalization / ZX-NF,RG_fixed_point,Simple,7,S7,12,22,×§,Qof,Î˜,horizon_cascade,Hadamard-X macro,period_doubling,Simple,12,S12,19,29,Simple-Simple,composite,composed_attractors,normalization / ZX-NF â†” Hadamard-X macro
×œ×¨,×œ,Lamed,Î»,lift_balance,normalization / ZX-NF,RG_fixed_point,Simple,7,S7,12,22,×¨,Resh,âˆ‚,rebirth_reflect,Z-H conjugation,arnold_tongues,Double,6,D6,20,30,Double-Simple,composite,composed_attractors,normalization / ZX-NF â†” Z-H conjugation
×œ×©,×œ,Lamed,Î»,lift_balance,normalization / ZX-NF,RG_fixed_point,Simple,7,S7,12,22,×©,Shin,âˆ®,flame_transform,chaotic mixer (macro),strange_attractor,Mother,3,M3,21,31,Mother-Simple,composite,composed_attractors,normalization / ZX-NF â†” chaotic mixer (macro)
×œ×ª,×œ,Lamed,Î»,lift_balance,normalization / ZX-NF,RG_fixed_point,Simple,7,S7,12,22,×ª,Tav,ğ’¢,completion_grace,global close / terminal,omega_limit,Double,7,D7,22,32,Double-Simple,composite,composed_attractors,normalization / ZX-NF â†” global close / terminal
×× ,×,Mem,Î¼,memory,trace/feedback loop,basin_thickening,Mother,2,M2,13,23,× ,Nun,Î½,descent_rebirth,discard+reset / damping,skeleton_prune,Simple,8,S8,14,24,Mother-Simple,composite,composed_attractors,trace/feedback loop â†” discard+reset / damping
××¡,×,Mem,Î¼,memory,trace/feedback loop,basin_thickening,Mother,2,M2,13,23,×¡,Samekh,ğ’®,support,isometry + projector,backbone_tree,Simple,9,S9,15,25,Mother-Simple,composite,composed_attractors,trace/feedback loop â†” isometry + projector
××¢,×,Mem,Î¼,memory,trace/feedback loop,basin_thickening,Mother,2,M2,13,23,×¢,Ayin,Î±,observe,measurement (axis v),projected_shadow,Simple,10,S10,16,26,Mother-Simple,observed_history,composed_attractors,trace/feedback loop â†” measurement (axis v)
××¤,×,Mem,Î¼,memory,trace/feedback loop,basin_thickening,Mother,2,M2,13,23,×¤,Peh,Ï€,express,oracle/eval box,branch_cascade,Double,5,D5,17,27,Double-Mother,historied_output,composed_attractors,trace/feedback loop â†” oracle/eval box
××¦,×,Mem,Î¼,memory,trace/feedback loop,basin_thickening,Mother,2,M2,13,23,×¦,Tzaddi,Ï•,anchor_path,postselect / path lock,ridge_filament,Simple,11,S11,18,28,Mother-Simple,composite,composed_attractors,trace/feedback loop â†” postselect / path lock
××§,×,Mem,Î¼,memory,trace/feedback loop,basin_thickening,Mother,2,M2,13,23,×§,Qof,Î˜,horizon_cascade,Hadamard-X macro,period_doubling,Simple,12,S12,19,29,Mother-Simple,composite,composed_attractors,trace/feedback loop â†” Hadamard-X macro
××¨,×,Mem,Î¼,memory,trace/feedback loop,basin_thickening,Mother,2,M2,13,23,×¨,Resh,âˆ‚,rebirth_reflect,Z-H conjugation,arnold_tongues,Double,6,D6,20,30,Double-Mother,composite,composed_attractors,trace/feedback loop â†” Z-H conjugation
××©,×,Mem,Î¼,memory,trace/feedback loop,basin_thickening,Mother,2,M2,13,23,×©,Shin,âˆ®,flame_transform,chaotic mixer (macro),strange_attractor,Mother,3,M3,21,31,Mother-Mother,composite,composed_attractors,trace/feedback loop â†” chaotic mixer (macro)
××ª,×,Mem,Î¼,memory,trace/feedback loop,basin_thickening,Mother,2,M2,13,23,×ª,Tav,ğ’¢,completion_grace,global close / terminal,omega_limit,Double,7,D7,22,32,Double-Mother,composite,composed_attractors,trace/feedback loop â†” global close / terminal
× ×¡,× ,Nun,Î½,descent_rebirth,discard+reset / damping,skeleton_prune,Simple,8,S8,14,24,×¡,Samekh,ğ’®,support,isometry + projector,backbone_tree,Simple,9,S9,15,25,Simple-Simple,safe_anneal,composed_attractors,discard+reset / damping â†” isometry + projector
× ×¢,× ,Nun,Î½,descent_rebirth,discard+reset / damping,skeleton_prune,Simple,8,S8,14,24,×¢,Ayin,Î±,observe,measurement (axis v),projected_shadow,Simple,10,S10,16,26,Simple-Simple,composite,composed_attractors,discard+reset / damping â†” measurement (axis v)
× ×¤,× ,Nun,Î½,descent_rebirth,discard+reset / damping,skeleton_prune,Simple,8,S8,14,24,×¤,Peh,Ï€,express,oracle/eval box,branch_cascade,Double,5,D5,17,27,Double-Simple,composite,composed_attractors,discard+reset / damping â†” oracle/eval box
× ×¦,× ,Nun,Î½,descent_rebirth,discard+reset / damping,skeleton_prune,Simple,8,S8,14,24,×¦,Tzaddi,Ï•,anchor_path,postselect / path lock,ridge_filament,Simple,11,S11,18,28,Simple-Simple,composite,composed_attractors,discard+reset / damping â†” postselect / path lock
× ×§,× ,Nun,Î½,descent_rebirth,discard+reset / damping,skeleton_prune,Simple,8,S8,14,24,×§,Qof,Î˜,horizon_cascade,Hadamard-X macro,period_doubling,Simple,12,S12,19,29,Simple-Simple,composite,composed_attractors,discard+reset / damping â†” Hadamard-X macro
× ×¨,× ,Nun,Î½,descent_rebirth,discard+reset / damping,skeleton_prune,Simple,8,S8,14,24,×¨,Resh,âˆ‚,rebirth_reflect,Z-H conjugation,arnold_tongues,Double,6,D6,20,30,Double-Simple,composite,composed_attractors,discard+reset / damping â†” Z-H conjugation
× ×©,× ,Nun,Î½,descent_rebirth,discard+reset / damping,skeleton_prune,Simple,8,S8,14,24,×©,Shin,âˆ®,flame_transform,chaotic mixer (macro),strange_attractor,Mother,3,M3,21,31,Mother-Simple,composite,composed_attractors,discard+reset / damping â†” chaotic mixer (macro)
× ×ª,× ,Nun,Î½,descent_rebirth,discard+reset / damping,skeleton_prune,Simple,8,S8,14,24,×ª,Tav,ğ’¢,completion_grace,global close / terminal,omega_limit,Double,7,D7,22,32,Double-Simple,graced_rebirth,composed_attractors,discard+reset / damping â†” global close / terminal
×¡×¢,×¡,Samekh,ğ’®,support,isometry + projector,backbone_tree,Simple,9,S9,15,25,×¢,Ayin,Î±,observe,measurement (axis v),projected_shadow,Simple,10,S10,16,26,Simple-Simple,composite,composed_attractors,isometry + projector â†” measurement (axis v)
×¡×¤,×¡,Samekh,ğ’®,support,isometry + projector,backbone_tree,Simple,9,S9,15,25,×¤,Peh,Ï€,express,oracle/eval box,branch_cascade,Double,5,D5,17,27,Double-Simple,composite,composed_attractors,isometry + projector â†” oracle/eval box
×¡×¦,×¡,Samekh,ğ’®,support,isometry + projector,backbone_tree,Simple,9,S9,15,25,×¦,Tzaddi,Ï•,anchor_path,postselect / path lock,ridge_filament,Simple,11,S11,18,28,Simple-Simple,composite,composed_attractors,isometry + projector â†” postselect / path lock
×¡×§,×¡,Samekh,ğ’®,support,isometry + projector,backbone_tree,Simple,9,S9,15,25,×§,Qof,Î˜,horizon_cascade,Hadamard-X macro,period_doubling,Simple,12,S12,19,29,Simple-Simple,composite,composed_attractors,isometry + projector â†” Hadamard-X macro
×¡×¨,×¡,Samekh,ğ’®,support,isometry + projector,backbone_tree,Simple,9,S9,15,25,×¨,Resh,âˆ‚,rebirth_reflect,Z-H conjugation,arnold_tongues,Double,6,D6,20,30,Double-Simple,composite,composed_attractors,isometry + projector â†” Z-H conjugation
×¡×©,×¡,Samekh,ğ’®,support,isometry + projector,backbone_tree,Simple,9,S9,15,25,×©,Shin,âˆ®,flame_transform,chaotic mixer (macro),strange_attractor,Mother,3,M3,21,31,Mother-Simple,controlled_chaos,chaos_with_spine,isometry + projector â†” chaotic mixer (macro)
×¡×ª,×¡,Samekh,ğ’®,support,isometry + projector,backbone_tree,Simple,9,S9,15,25,×ª,Tav,ğ’¢,completion_grace,global close / terminal,omega_limit,Double,7,D7,22,32,Double-Simple,composite,composed_attractors,isometry + projector â†” global close / terminal
×¢×¤,×¢,Ayin,Î±,observe,measurement (axis v),projected_shadow,Simple,10,S10,16,26,×¤,Peh,Ï€,express,oracle/eval box,branch_cascade,Double,5,D5,17,27,Double-Simple,io_dialogue,shadowed_branching,measurement (axis v) â†” oracle/eval box
×¢×¦,×¢,Ayin,Î±,observe,measurement (axis v),projected_shadow,Simple,10,S10,16,26,×¦,Tzaddi,Ï•,anchor_path,postselect / path lock,ridge_filament,Simple,11,S11,18,28,Simple-Simple,composite,composed_attractors,measurement (axis v) â†” postselect / path lock
×¢×§,×¢,Ayin,Î±,observe,measurement (axis v),projected_shadow,Simple,10,S10,16,26,×§,Qof,Î˜,horizon_cascade,Hadamard-X macro,period_doubling,Simple,12,S12,19,29,Simple-Simple,composite,composed_attractors,measurement (axis v) â†” Hadamard-X macro
×¢×¨,×¢,Ayin,Î±,observe,measurement (axis v),projected_shadow,Simple,10,S10,16,26,×¨,Resh,âˆ‚,rebirth_reflect,Z-H conjugation,arnold_tongues,Double,6,D6,20,30,Double-Simple,composite,composed_attractors,measurement (axis v) â†” Z-H conjugation
×¢×©,×¢,Ayin,Î±,observe,measurement (axis v),projected_shadow,Simple,10,S10,16,26,×©,Shin,âˆ®,flame_transform,chaotic mixer (macro),strange_attractor,Mother,3,M3,21,31,Mother-Simple,composite,composed_attractors,measurement (axis v) â†” chaotic mixer (macro)
×¢×ª,×¢,Ayin,Î±,observe,measurement (axis v),projected_shadow,Simple,10,S10,16,26,×ª,Tav,ğ’¢,completion_grace,global close / terminal,omega_limit,Double,7,D7,22,32,Double-Simple,composite,composed_attractors,measurement (axis v) â†” global close / terminal
×¤×¦,×¤,Peh,Ï€,express,oracle/eval box,branch_cascade,Double,5,D5,17,27,×¦,Tzaddi,Ï•,anchor_path,postselect / path lock,ridge_filament,Simple,11,S11,18,28,Double-Simple,composite,composed_attractors,oracle/eval box â†” postselect / path lock
×¤×§,×¤,Peh,Ï€,express,oracle/eval box,branch_cascade,Double,5,D5,17,27,×§,Qof,Î˜,horizon_cascade,Hadamard-X macro,period_doubling,Simple,12,S12,19,29,Double-Simple,composite,composed_attractors,oracle/eval box â†” Hadamard-X macro
×¤×¨,×¤,Peh,Ï€,express,oracle/eval box,branch_cascade,Double,5,D5,17,27,×¨,Resh,âˆ‚,rebirth_reflect,Z-H conjugation,arnold_tongues,Double,6,D6,20,30,Double-Double,composite,composed_attractors,oracle/eval box â†” Z-H conjugation
×¤×©,×¤,Peh,Ï€,express,oracle/eval box,branch_cascade,Double,5,D5,17,27,×©,Shin,âˆ®,flame_transform,chaotic mixer (macro),strange_attractor,Mother,3,M3,21,31,Double-Mother,composite,composed_attractors,oracle/eval box â†” chaotic mixer (macro)
×¤×ª,×¤,Peh,Ï€,express,oracle/eval box,branch_cascade,Double,5,D5,17,27,×ª,Tav,ğ’¢,completion_grace,global close / terminal,omega_limit,Double,7,D7,22,32,Double-Double,composite,composed_attractors,oracle/eval box â†” global close / terminal
×¦×§,×¦,Tzaddi,Ï•,anchor_path,postselect / path lock,ridge_filament,Simple,11,S11,18,28,×§,Qof,Î˜,horizon_cascade,Hadamard-X macro,period_doubling,Simple,12,S12,19,29,Simple-Simple,locked_transition,composed_attractors,postselect / path lock â†” Hadamard-X macro
×¦×¨,×¦,Tzaddi,Ï•,anchor_path,postselect / path lock,ridge_filament,Simple,11,S11,18,28,×¨,Resh,âˆ‚,rebirth_reflect,Z-H conjugation,arnold_tongues,Double,6,D6,20,30,Double-Simple,composite,composed_attractors,postselect / path lock â†” Z-H conjugation
×¦×©,×¦,Tzaddi,Ï•,anchor_path,postselect / path lock,ridge_filament,Simple,11,S11,18,28,×©,Shin,âˆ®,flame_transform,chaotic mixer (macro),strange_attractor,Mother,3,M3,21,31,Mother-Simple,composite,composed_attractors,postselect / path lock â†” chaotic mixer (macro)
×¦×ª,×¦,Tzaddi,Ï•,anchor_path,postselect / path lock,ridge_filament,Simple,11,S11,18,28,×ª,Tav,ğ’¢,completion_grace,global close / terminal,omega_limit,Double,7,D7,22,32,Double-Simple,composite,filament_to_omega,postselect / path lock â†” global close / terminal
×§×¨,×§,Qof,Î˜,horizon_cascade,Hadamard-X macro,period_doubling,Simple,12,S12,19,29,×¨,Resh,âˆ‚,rebirth_reflect,Z-H conjugation,arnold_tongues,Double,6,D6,20,30,Double-Simple,composite,mode_locking_map,Hadamard-X macro â†” Z-H conjugation
×§×©,×§,Qof,Î˜,horizon_cascade,Hadamard-X macro,period_doubling,Simple,12,S12,19,29,×©,Shin,âˆ®,flame_transform,chaotic mixer (macro),strange_attractor,Mother,3,M3,21,31,Mother-Simple,composite,composed_attractors,Hadamard-X macro â†” chaotic mixer (macro)
×§×ª,×§,Qof,Î˜,horizon_cascade,Hadamard-X macro,period_doubling,Simple,12,S12,19,29,×ª,Tav,ğ’¢,completion_grace,global close / terminal,omega_limit,Double,7,D7,22,32,Double-Simple,composite,composed_attractors,Hadamard-X macro â†” global close / terminal
×¨×©,×¨,Resh,âˆ‚,rebirth_reflect,Z-H conjugation,arnold_tongues,Double,6,D6,20,30,×©,Shin,âˆ®,flame_transform,chaotic mixer (macro),strange_attractor,Mother,3,M3,21,31,Double-Mother,composite,composed_attractors,Z-H conjugation â†” chaotic mixer (macro)
×¨×ª,×¨,Resh,âˆ‚,rebirth_reflect,Z-H conjugation,arnold_tongues,Double,6,D6,20,30,×ª,Tav,ğ’¢,completion_grace,global close / terminal,omega_limit,Double,7,D7,22,32,Double-Double,composite,composed_attractors,Z-H conjugation â†” global close / terminal
×©×ª,×©,Shin,âˆ®,flame_transform,chaotic mixer (macro),strange_attractor,Mother,3,M3,21,31,×ª,Tav,ğ’¢,completion_grace,global close / terminal,omega_limit,Double,7,D7,22,32,Double-Mother,chaos_resolved,composed_attractors,chaotic mixer (macro) â†” global close / terminal
